{
  "properties": {
    "connectionReferences": {
      "shared_sharepointonline": {
        "runtimeSource": "embedded",
        "connection": {
          "connectionReferenceLogicalName": "tsinfo_sharedsharepointonline_530ee"
        },
        "api": {
          "name": "shared_sharepointonline"
        }
      },
      "shared_office365": {
        "runtimeSource": "embedded",
        "connection": {
          "connectionReferenceLogicalName": "tsinfo_sharedoffice365_09488"
        },
        "api": {
          "name": "shared_office365"
        }
      }
    },
    "definition": {
      "$schema": "https://schema.management.azure.com/providers/Microsoft.Logic/schemas/2016-06-01/workflowdefinition.json#",
      "contentVersion": "undefined",
      "parameters": {
        "$connections": {
          "defaultValue": {},
          "type": "Object"
        },
        "$authentication": {
          "defaultValue": {},
          "type": "SecureObject"
        },
        "DemoSite - https://tsinfotechnologies.sharepoint.com/sites/DemoSite (tsinfo_shared_sharepointonline_1d44c8bba3214f66b0cc0dc7464f6ef5)": {
          "defaultValue": "https://tsinfotechnologies.sharepoint.com/sites/DemoSite",
          "type": "String",
          "metadata": {
            "schemaName": "tsinfo_shared_sharepointonline_1d44c8bba3214f66b0cc0dc7464f6ef5"
          }
        },
        "Request Form Details (tsinfo_shared_sharepointonline_60ba12470be040a4a5008c9f96f7cff8)": {
          "defaultValue": "ad3c68dd-c55a-40af-a9d4-403438967262",
          "type": "String",
          "metadata": {
            "schemaName": "tsinfo_shared_sharepointonline_60ba12470be040a4a5008c9f96f7cff8"
          }
        },
        "Admin Details (tsinfo_AdminDetails)": {
          "defaultValue": "a917d5ab-eb5e-4d01-9837-84a7b614435e",
          "type": "String",
          "metadata": {
            "schemaName": "tsinfo_AdminDetails",
            "description": "list address"
          }
        }
      },
      "triggers": {
        "Recurrence": {
          "recurrence": {
            "frequency": "Day",
            "interval": 1,
            "timeZone": "Eastern Standard Time",
            "schedule": {
              "hours": [
                "8"
              ],
              "minutes": [
                30
              ]
            }
          },
          "metadata": {
            "operationMetadataId": "67a5221b-8083-49af-a0a1-61a1ff9f86ee"
          },
          "type": "Recurrence"
        }
      },
      "actions": {
        "Get_items_|_Admin_Details": {
          "runAfter": {
            "Get_items_|__Request_Form_Details": [
              "Succeeded"
            ]
          },
          "metadata": {
            "operationMetadataId": "0bf840cc-8a23-4847-8079-b6ba3ff0561b"
          },
          "type": "OpenApiConnection",
          "inputs": {
            "host": {
              "connectionName": "shared_sharepointonline",
              "operationId": "GetItems",
              "apiId": "/providers/Microsoft.PowerApps/apis/shared_sharepointonline"
            },
            "parameters": {
              "dataset": "@parameters('DemoSite - https://tsinfotechnologies.sharepoint.com/sites/DemoSite (tsinfo_shared_sharepointonline_1d44c8bba3214f66b0cc0dc7464f6ef5)')",
              "table": "@parameters('Admin Details (tsinfo_AdminDetails)')",
              "$top": 10
            },
            "authentication": "@parameters('$authentication')"
          }
        },
        "For_each_|_var_Admin_Email": {
          "foreach": "@outputs('Get_items_|_Admin_Details')?['body/value']",
          "actions": {
            "Select_|_var_Admin_Email": {
              "runAfter": {},
              "metadata": {
                "operationMetadataId": "c184fcab-deb6-481e-88fd-220e174958fc"
              },
              "type": "Select",
              "inputs": {
                "from": "@item()?['Approvers']",
                "select": "@item()?['Email']"
              }
            },
            "Join_|_var_Admin_Email": {
              "runAfter": {
                "Select_|_var_Admin_Email": [
                  "Succeeded"
                ]
              },
              "metadata": {
                "operationMetadataId": "25843c68-8b1d-4eeb-871f-66ff653fa516"
              },
              "type": "Join",
              "inputs": {
                "from": "@body('Select_|_var_Admin_Email')",
                "joinWith": ";"
              }
            },
            "Set_variable_|_var_Admin_Email": {
              "runAfter": {
                "Join_|_var_Admin_Email": [
                  "Succeeded"
                ]
              },
              "metadata": {
                "operationMetadataId": "8e881444-78c9-4983-ba9d-887f651f737d"
              },
              "type": "SetVariable",
              "inputs": {
                "name": "varAdminEmail",
                "value": "@body('Join_|_var_Admin_Email')"
              }
            }
          },
          "runAfter": {
            "Initialize_variable_|_var_Admin_Email": [
              "Succeeded"
            ]
          },
          "metadata": {
            "operationMetadataId": "f1e8a3ee-3179-4a75-b061-7fa27d7ee6fb"
          },
          "type": "Foreach"
        },
        "Initialize_variable_|_var_Admin_Email": {
          "runAfter": {
            "Get_items_|_Admin_Details": [
              "Succeeded"
            ]
          },
          "metadata": {
            "operationMetadataId": "f538ddfe-1d58-416e-bf31-54951f879998"
          },
          "type": "InitializeVariable",
          "inputs": {
            "variables": [
              {
                "name": "varAdminEmail",
                "type": "string"
              }
            ]
          }
        },
        "Get_items_|_Request_Form_Details_AssignedtoPrimary_null": {
          "runAfter": {},
          "metadata": {
            "operationMetadataId": "242ab282-bed8-44d4-ace2-edfdfad49bb5"
          },
          "type": "OpenApiConnection",
          "inputs": {
            "host": {
              "connectionName": "shared_sharepointonline",
              "operationId": "GetItems",
              "apiId": "/providers/Microsoft.PowerApps/apis/shared_sharepointonline"
            },
            "parameters": {
              "dataset": "@parameters('DemoSite - https://tsinfotechnologies.sharepoint.com/sites/DemoSite (tsinfo_shared_sharepointonline_1d44c8bba3214f66b0cc0dc7464f6ef5)')",
              "table": "@parameters('Request Form Details (tsinfo_shared_sharepointonline_60ba12470be040a4a5008c9f96f7cff8)')",
              "$filter": "Status eq 'Open' and AssignedtoPrimary eq null"
            },
            "authentication": "@parameters('$authentication')"
          }
        },
        "Get_items_|__Request_Form_Details": {
          "runAfter": {
            "Get_items_|_Request_Form_Details_AssignedtoPrimary_null": [
              "Succeeded"
            ]
          },
          "metadata": {
            "operationMetadataId": "89586173-043a-4251-8876-068730eb506e"
          },
          "type": "OpenApiConnection",
          "inputs": {
            "host": {
              "connectionName": "shared_sharepointonline",
              "operationId": "GetItems",
              "apiId": "/providers/Microsoft.PowerApps/apis/shared_sharepointonline"
            },
            "parameters": {
              "dataset": "@parameters('DemoSite - https://tsinfotechnologies.sharepoint.com/sites/DemoSite (tsinfo_shared_sharepointonline_1d44c8bba3214f66b0cc0dc7464f6ef5)')",
              "table": "@parameters('Request Form Details (tsinfo_shared_sharepointonline_60ba12470be040a4a5008c9f96f7cff8)')",
              "$filter": "Status eq 'Open' and AssignedtoPrimary ne null"
            },
            "authentication": "@parameters('$authentication')"
          }
        },
        "Create_HTML_table": {
          "runAfter": {
            "Create_HTML_table_1": [
              "Succeeded"
            ]
          },
          "metadata": {
            "operationMetadataId": "ac5762a8-7779-4508-8d6c-7314b39b0546"
          },
          "type": "Table",
          "inputs": {
            "from": "@outputs('Get_items_|_Request_Form_Details_AssignedtoPrimary_null')?['body/value']",
            "format": "HTML",
            "columns": [
              {
                "header": "Requester ID",
                "value": "@item()?['RequestID']"
              },
              {
                "header": "Date of Submitted",
                "value": "@item()?['DateSubmitted']"
              },
              {
                "header": "Request Link",
                "value": "@concat('<a class=\"editor-link\" href=\"https://apps.powerapps.com/play/e/default-f0e4273f-10c1-4551-a494-977ebeb5b5fa/a/9acf9047-089e-4202-92f2-83c85aaa811f?tenantId=f0e4273f-10c1-4551-a494-977ebeb5b5fa&hint=966e94a1-15be-4d41-af48-4f4d31bf2611&ScreenName=AdminViewScreen&requestIDAdmin=',item()?['ID'],'\">Click here</a>')"
              }
            ]
          }
        },
        "Compose_|_CSS_style": {
          "runAfter": {
            "For_each_|_var_Admin_Email": [
              "Succeeded"
            ]
          },
          "metadata": {
            "operationMetadataId": "48b93e8e-bdd2-4c53-b2d2-82dc13605669"
          },
          "type": "Compose",
          "inputs": "<style>\ntable {\n    border: 1px solid #1C6EA4;\n    background-color: #EEEEEE;\n    width: 100%;\n    text-align: left;\n    border-collapse: collapse;\n  }\n  table td, table th {\n    border: 1px solid #AAAAAA;\n    padding: 3px 2px;\n  }\n  table tbody td {\n    font-size: 13px;\n  }\n  table thead {\n    background: #0602e1;\n    border-bottom: 2px solid #444444;\n  }\n  table thead th {\n    font-size: 15px;\n    font-weight: bold;\n    color: #FFFFFF;\n    border-left: 2px solid #D0E4F5;\n  }\n  table thead th:first-child {\n    border-left: none;\n  }\n</style>"
        },
        "Send_an_email_(V2)": {
          "runAfter": {
            "Send_an_email_(V2)_1": [
              "Succeeded"
            ]
          },
          "metadata": {
            "operationMetadataId": "51b90696-61b4-493e-8f4c-18220b134b3a"
          },
          "type": "OpenApiConnection",
          "inputs": {
            "host": {
              "connectionName": "shared_office365",
              "operationId": "SendEmailV2",
              "apiId": "/providers/Microsoft.PowerApps/apis/shared_office365"
            },
            "parameters": {
              "emailMessage/To": "@variables('varAdminEmail')",
              "emailMessage/Subject": "Unassigned Requests Needing Attention ",
              "emailMessage/Body": "<p class=\"editor-paragraph\">Dear Team,<br><br>Below are the requests that are still in \"Open\" status and need attention:<br><br>@{outputs('Compose_|_CSS_style')}</p><p class=\"editor-paragraph\">@{replace(replace(replace(body('Create_HTML_table'),'&lt;','<'),'&gt;','>'),'&quot;','\"')}<br><br>Regards,<br></p><br>",
              "emailMessage/Importance": "Normal"
            },
            "authentication": "@parameters('$authentication')"
          }
        },
        "Filter_array": {
          "runAfter": {
            "Compose_|_CSS_style": [
              "Succeeded"
            ]
          },
          "metadata": {
            "operationMetadataId": "ab70fc04-0163-4e6d-bff5-3bb72876d19c"
          },
          "type": "Query",
          "inputs": {
            "from": "@outputs('Get_items_|__Request_Form_Details')?['body/value']",
            "where": "@greaterOrEquals(formatDateTime(utcNow(),'dd/MM/yyyy'),formatDateTime(addDays(item()?['DateSubmitted'],3),'dd/MM/yyyy'))"
          }
        },
        "Create_HTML_table_1": {
          "runAfter": {
            "Filter_array": [
              "Succeeded"
            ]
          },
          "metadata": {
            "operationMetadataId": "5873c460-d113-4d0a-b0a3-5bd8a16ee320"
          },
          "type": "Table",
          "inputs": {
            "from": "@outputs('Filter_array')['body']",
            "format": "HTML",
            "columns": [
              {
                "header": "Requester ID",
                "value": "@item()?['RequestID']"
              },
              {
                "header": "Date of Submitted",
                "value": "@item()?['DateSubmitted']"
              },
              {
                "header": "Request Link",
                "value": "@concat('<a class=\"editor-link\" href=\"https://apps.powerapps.com/play/e/default-f0e4273f-10c1-4551-a494-977ebeb5b5fa/a/9acf9047-089e-4202-92f2-83c85aaa811f?tenantId=f0e4273f-10c1-4551-a494-977ebeb5b5fa&hint=966e94a1-15be-4d41-af48-4f4d31bf2611&ScreenName=AdminViewScreen&requestIDAdmin=',item()?['ID'],'\">Click here</a>')"
              }
            ]
          }
        },
        "Send_an_email_(V2)_1": {
          "runAfter": {
            "Create_HTML_table": [
              "Succeeded"
            ]
          },
          "metadata": {
            "operationMetadataId": "167b7bbe-86a3-4d87-82cc-3e381d94860c"
          },
          "type": "OpenApiConnection",
          "inputs": {
            "host": {
              "connectionName": "shared_office365",
              "operationId": "SendEmailV2",
              "apiId": "/providers/Microsoft.PowerApps/apis/shared_office365"
            },
            "parameters": {
              "emailMessage/To": "@variables('varAdminEmail')",
              "emailMessage/Subject": " Requests Open for 4+ Days - Immediate Action Required",
              "emailMessage/Body": "<p class=\"editor-paragraph\">Dear Team,<br><br>The following requests have been in \"Open\" status for more than 4 days:</p><p class=\"editor-paragraph\">@{outputs('Compose_|_CSS_style')}<br>@{replace(replace(replace(body('Create_HTML_table_1'),'&lt;','<'),'&gt;','>'),'&quot;','\"')}<br>Please review and take the necessary actions.<br><br>Regards<br></p><br>",
              "emailMessage/Importance": "Normal"
            },
            "authentication": "@parameters('$authentication')"
          }
        }
      }
    },
    "templateName": ""
  },
  "schemaVersion": "1.0.0.0"
}