{
  "properties": {
    "connectionReferences": {
      "shared_sharepointonline": {
        "runtimeSource": "embedded",
        "connection": {
          "connectionReferenceLogicalName": "tsinfo_sharedsharepointonline_530ee"
        },
        "api": {
          "name": "shared_sharepointonline"
        }
      },
      "shared_office365": {
        "runtimeSource": "embedded",
        "connection": {
          "connectionReferenceLogicalName": "tsinfo_sharedoffice365_09488"
        },
        "api": {
          "name": "shared_office365"
        }
      }
    },
    "definition": {
      "$schema": "https://schema.management.azure.com/providers/Microsoft.Logic/schemas/2016-06-01/workflowdefinition.json#",
      "contentVersion": "1.0.0.0",
      "parameters": {
        "$connections": {
          "defaultValue": {},
          "type": "Object"
        },
        "$authentication": {
          "defaultValue": {},
          "type": "SecureObject"
        },
        "DemoSite - https://tsinfotechnologies.sharepoint.com/sites/DemoSite (tsinfo_shared_sharepointonline_1d44c8bba3214f66b0cc0dc7464f6ef5)": {
          "defaultValue": "https://tsinfotechnologies.sharepoint.com/sites/DemoSite",
          "type": "String",
          "metadata": {
            "schemaName": "tsinfo_shared_sharepointonline_1d44c8bba3214f66b0cc0dc7464f6ef5"
          }
        },
        "Request Form Details (tsinfo_shared_sharepointonline_60ba12470be040a4a5008c9f96f7cff8)": {
          "defaultValue": "ad3c68dd-c55a-40af-a9d4-403438967262",
          "type": "String",
          "metadata": {
            "schemaName": "tsinfo_shared_sharepointonline_60ba12470be040a4a5008c9f96f7cff8"
          }
        },
        "Admin Details (tsinfo_AdminDetails)": {
          "defaultValue": "a917d5ab-eb5e-4d01-9837-84a7b614435e",
          "type": "String",
          "metadata": {
            "schemaName": "tsinfo_AdminDetails",
            "description": "list address"
          }
        },
        "Request Attachments (tsinfo_RequestAttachments)": {
          "defaultValue": "701b14b3-71e2-4645-9f78-0b66d055d127",
          "type": "String",
          "metadata": {
            "schemaName": "tsinfo_RequestAttachments"
          }
        },
        "Requester Comment Details (tsinfo_RequesterCommentDetails)": {
          "defaultValue": "1e690597-f559-47b2-ad09-c1c62f020a6d",
          "type": "String",
          "metadata": {
            "schemaName": "tsinfo_RequesterCommentDetails"
          }
        }
      },
      "triggers": {
        "When_an_item_is_created_or_modified_|_Request_Form_Details": {
          "recurrence": {
            "interval": 1,
            "frequency": "Minute"
          },
          "splitOn": "@triggerOutputs()?['body/value']",
          "metadata": {
            "operationMetadataId": "79cb1f82-0e07-4db5-a076-849790ea32f5"
          },
          "type": "OpenApiConnection",
          "inputs": {
            "host": {
              "connectionName": "shared_sharepointonline",
              "operationId": "GetOnUpdatedItems",
              "apiId": "/providers/Microsoft.PowerApps/apis/shared_sharepointonline"
            },
            "parameters": {
              "dataset": "@parameters('DemoSite - https://tsinfotechnologies.sharepoint.com/sites/DemoSite (tsinfo_shared_sharepointonline_1d44c8bba3214f66b0cc0dc7464f6ef5)')",
              "table": "@parameters('Request Form Details (tsinfo_shared_sharepointonline_60ba12470be040a4a5008c9f96f7cff8)')"
            },
            "authentication": "@parameters('$authentication')"
          }
        }
      },
      "actions": {
        "Initialize_variable_|_var_Attachments": {
          "runAfter": {},
          "metadata": {
            "operationMetadataId": "37481bb9-06a0-49a2-924a-b69211e689fb"
          },
          "type": "InitializeVariable",
          "inputs": {
            "variables": [
              {
                "name": " varAttachments",
                "type": "array"
              }
            ]
          }
        },
        "Compose_|_Does_this_impact_your_ability_to_perform_work": {
          "runAfter": {
            "Initialize_variable_|_var_Folder_Name": [
              "Succeeded"
            ]
          },
          "metadata": {
            "operationMetadataId": "4178fd74-210b-4127-89d9-e1056cdbf5b9"
          },
          "type": "Compose",
          "inputs": "@if(equals(triggerBody()?['Doesitimpactmwork'],null),null,concat('<b>Does this impact your ability to perform work?</b>: ',triggerBody()?['Doesitimpactmwork']?['Value']))"
        },
        "Get_items_|_Admin_Details": {
          "runAfter": {
            "Compose_|_Does_this_impact_your_ability_to_perform_work": [
              "Succeeded"
            ]
          },
          "metadata": {
            "operationMetadataId": "4d55d372-e6fa-465b-acb5-0bbe3148acc9"
          },
          "type": "OpenApiConnection",
          "inputs": {
            "host": {
              "connectionName": "shared_sharepointonline",
              "operationId": "GetItems",
              "apiId": "/providers/Microsoft.PowerApps/apis/shared_sharepointonline"
            },
            "parameters": {
              "dataset": "@parameters('DemoSite - https://tsinfotechnologies.sharepoint.com/sites/DemoSite (tsinfo_shared_sharepointonline_1d44c8bba3214f66b0cc0dc7464f6ef5)')",
              "table": "@parameters('Admin Details (tsinfo_AdminDetails)')",
              "$top": 10
            },
            "authentication": "@parameters('$authentication')"
          }
        },
        "Initialize_variable_|_var_Admin_Email": {
          "runAfter": {
            "Initialize_variable_|_var_Attachments": [
              "Succeeded"
            ]
          },
          "metadata": {
            "operationMetadataId": "c6425a49-6c20-4187-902c-6c9af1670cc8"
          },
          "type": "InitializeVariable",
          "inputs": {
            "variables": [
              {
                "name": "varAdminEmail",
                "type": "string"
              }
            ]
          }
        },
        "For_each_|_Admin": {
          "foreach": "@outputs('Get_items_|_Admin_Details')?['body/value']",
          "actions": {
            "Select_|_Admin_Email": {
              "runAfter": {},
              "metadata": {
                "operationMetadataId": "4bbe47de-121a-4178-99f9-f51bff1dcf84"
              },
              "type": "Select",
              "inputs": {
                "from": "@items('For_each_|_Admin')?['Approvers']",
                "select": "@item()?['Email']"
              }
            },
            "Join_|_Admin_Email": {
              "runAfter": {
                "Select_|_Admin_Email": [
                  "Succeeded"
                ]
              },
              "metadata": {
                "operationMetadataId": "38d2da83-45a1-4d17-a118-61dd60192244"
              },
              "type": "Join",
              "inputs": {
                "from": "@body('Select_|_Admin_Email')",
                "joinWith": ";"
              }
            },
            "Set_variable_|_var_Admin_Email": {
              "runAfter": {
                "Join_|_Admin_Email": [
                  "Succeeded"
                ]
              },
              "metadata": {
                "operationMetadataId": "f7d1c41d-a653-4cb2-ae11-18aedfaaa042"
              },
              "type": "SetVariable",
              "inputs": {
                "name": "varAdminEmail",
                "value": "@body('Join_|_Admin_Email')"
              }
            }
          },
          "runAfter": {
            "Get_items_|_Admin_Details": [
              "Succeeded"
            ]
          },
          "metadata": {
            "operationMetadataId": "19eec504-9176-46e3-95cc-0b050057cdbd"
          },
          "type": "Foreach"
        },
        "Get_items_|_Requester_Comment_Details": {
          "runAfter": {
            "For_each_|_Admin": [
              "Succeeded"
            ]
          },
          "metadata": {
            "operationMetadataId": "65e69466-9798-46f4-b4c5-c41a28ae53f8"
          },
          "type": "OpenApiConnection",
          "inputs": {
            "host": {
              "connectionName": "shared_sharepointonline",
              "operationId": "GetItems",
              "apiId": "/providers/Microsoft.PowerApps/apis/shared_sharepointonline"
            },
            "parameters": {
              "dataset": "@parameters('DemoSite - https://tsinfotechnologies.sharepoint.com/sites/DemoSite (tsinfo_shared_sharepointonline_1d44c8bba3214f66b0cc0dc7464f6ef5)')",
              "table": "@parameters('Requester Comment Details (tsinfo_RequesterCommentDetails)')",
              "$filter": "Requester/EMail eq '@{triggerBody()?['Requester']?['Email']}' and RequestID eq null"
            },
            "authentication": "@parameters('$authentication')"
          }
        },
        "Switch_|_Status_Value": {
          "runAfter": {
            "Get_items_|_Requester_Comment_Details": [
              "Succeeded"
            ]
          },
          "cases": {
            "Case_|_Open": {
              "case": "Open",
              "actions": {
                "Condition_|_Check_Attachments": {
                  "actions": {
                    "For_each_|__Attchment": {
                      "foreach": "@outputs('Get_attachments_|_Request_Form_Details')?['body']",
                      "actions": {
                        "Condition_|_Attachment_Extension": {
                          "actions": {
                            "Append_to_array_variable_|__var_Attachments": {
                              "runAfter": {},
                              "metadata": {
                                "operationMetadataId": "ae42ed17-724a-42de-92aa-15e4a3d56861"
                              },
                              "type": "AppendToArrayVariable",
                              "inputs": {
                                "name": " varAttachments",
                                "value": {
                                  "Name": "@{items('For_each_|__Attchment')?['DisplayName']}",
                                  "ContentBytes": "@{body('Get_attachment_content_|_Request_Form_Details')}"
                                }
                              }
                            }
                          },
                          "runAfter": {
                            "Create_file_|_Inside_the_Folder": [
                              "Succeeded"
                            ]
                          },
                          "else": {
                            "actions": {
                              "Append_to_array_variable_|_var_Attachments": {
                                "runAfter": {},
                                "metadata": {
                                  "operationMetadataId": "8bac42bb-8e9a-4216-bc68-feb576ace463"
                                },
                                "type": "AppendToArrayVariable",
                                "inputs": {
                                  "name": " varAttachments",
                                  "value": {
                                    "name": "@{items('For_each_|__Attchment')?['DisplayName']}",
                                    "contentBytes": {
                                      "$content-type": "@{body('Get_attachment_content_|_Request_Form_Details')?['$content-type']}",
                                      "$content": "@{body('Get_attachment_content_|_Request_Form_Details')?['$content']}"
                                    }
                                  }
                                }
                              }
                            }
                          },
                          "expression": {
                            "and": [
                              {
                                "endsWith": [
                                  "@items('For_each_|__Attchment')?['DisplayName']",
                                  ".txt"
                                ]
                              }
                            ]
                          },
                          "metadata": {
                            "operationMetadataId": "13355e99-fac9-4e7b-b015-f5f49b7fa0f8"
                          },
                          "type": "If"
                        },
                        "Create_file_|_Inside_the_Folder": {
                          "runAfter": {
                            "Get_attachment_content_|_Request_Form_Details": [
                              "Succeeded"
                            ]
                          },
                          "metadata": {
                            "operationMetadataId": "07288a72-d827-4310-bf9d-fa140b7dff07"
                          },
                          "type": "OpenApiConnection",
                          "inputs": {
                            "host": {
                              "connectionName": "shared_sharepointonline",
                              "operationId": "CreateFile",
                              "apiId": "/providers/Microsoft.PowerApps/apis/shared_sharepointonline"
                            },
                            "parameters": {
                              "dataset": "@parameters('DemoSite - https://tsinfotechnologies.sharepoint.com/sites/DemoSite (tsinfo_shared_sharepointonline_1d44c8bba3214f66b0cc0dc7464f6ef5)')",
                              "folderPath": "@concat(body('Create_new_folder_|_Request_Attachments')?['{Path}'],'/',concat(triggerBody()?['RequestID'],'-',triggerBody()?['Title']))",
                              "name": "@items('For_each_|__Attchment')?['DisplayName']",
                              "body": "@body('Get_attachment_content_|_Request_Form_Details')"
                            },
                            "authentication": "@parameters('$authentication')"
                          },
                          "runtimeConfiguration": {
                            "contentTransfer": {
                              "transferMode": "Chunked"
                            }
                          }
                        },
                        "Get_attachment_content_|_Request_Form_Details": {
                          "runAfter": {},
                          "metadata": {
                            "operationMetadataId": "7482aef9-22ff-48cf-ae46-8730efde5151"
                          },
                          "type": "OpenApiConnection",
                          "inputs": {
                            "host": {
                              "connectionName": "shared_sharepointonline",
                              "operationId": "GetAttachmentContent",
                              "apiId": "/providers/Microsoft.PowerApps/apis/shared_sharepointonline"
                            },
                            "parameters": {
                              "dataset": "@parameters('DemoSite - https://tsinfotechnologies.sharepoint.com/sites/DemoSite (tsinfo_shared_sharepointonline_1d44c8bba3214f66b0cc0dc7464f6ef5)')",
                              "table": "@parameters('Request Form Details (tsinfo_shared_sharepointonline_60ba12470be040a4a5008c9f96f7cff8)')",
                              "itemId": "@triggerBody()?['ID']",
                              "attachmentId": "@items('For_each_|__Attchment')?['Id']"
                            },
                            "authentication": "@parameters('$authentication')"
                          }
                        }
                      },
                      "runAfter": {
                        "Create_new_folder_|_Request_Attachments": [
                          "Succeeded"
                        ]
                      },
                      "metadata": {
                        "operationMetadataId": "1e60ab05-a721-4922-a387-564fd1215196"
                      },
                      "type": "Foreach"
                    },
                    "Get_attachments_|_Request_Form_Details": {
                      "runAfter": {},
                      "metadata": {
                        "operationMetadataId": "91fcad58-a143-47c0-b53b-403f2b8d81fb"
                      },
                      "type": "OpenApiConnection",
                      "inputs": {
                        "host": {
                          "connectionName": "shared_sharepointonline",
                          "operationId": "GetItemAttachments",
                          "apiId": "/providers/Microsoft.PowerApps/apis/shared_sharepointonline"
                        },
                        "parameters": {
                          "dataset": "@parameters('DemoSite - https://tsinfotechnologies.sharepoint.com/sites/DemoSite (tsinfo_shared_sharepointonline_1d44c8bba3214f66b0cc0dc7464f6ef5)')",
                          "table": "@parameters('Request Form Details (tsinfo_shared_sharepointonline_60ba12470be040a4a5008c9f96f7cff8)')",
                          "itemId": "@triggerBody()?['ID']"
                        },
                        "authentication": "@parameters('$authentication')"
                      }
                    },
                    "Create_new_folder_|_Request_Attachments": {
                      "runAfter": {
                        "Get_attachments_|_Request_Form_Details": [
                          "Succeeded"
                        ]
                      },
                      "metadata": {
                        "operationMetadataId": "30361ce2-bbe8-4adb-b4a2-492ce8b182e1"
                      },
                      "type": "OpenApiConnection",
                      "inputs": {
                        "host": {
                          "connectionName": "shared_sharepointonline",
                          "operationId": "CreateNewFolder",
                          "apiId": "/providers/Microsoft.PowerApps/apis/shared_sharepointonline"
                        },
                        "parameters": {
                          "dataset": "@parameters('DemoSite - https://tsinfotechnologies.sharepoint.com/sites/DemoSite (tsinfo_shared_sharepointonline_1d44c8bba3214f66b0cc0dc7464f6ef5)')",
                          "table": "@parameters('Request Attachments (tsinfo_RequestAttachments)')",
                          "parameters/path": "@concat(triggerBody()?['RequestID'],'-',triggerBody()?['Title'])",
                          "view": "9c9ccbfc-cb18-4114-aa9c-f6291b550a40"
                        },
                        "authentication": "@parameters('$authentication')"
                      }
                    },
                    "Send_an_email_(V2)_|_Requester": {
                      "runAfter": {
                        "For_each_|__Attchment": [
                          "Succeeded"
                        ]
                      },
                      "metadata": {
                        "operationMetadataId": "63d4e47a-2048-46cf-acc0-b1063ed184f5"
                      },
                      "type": "OpenApiConnection",
                      "inputs": {
                        "host": {
                          "connectionName": "shared_office365",
                          "operationId": "SendEmailV2",
                          "apiId": "/providers/Microsoft.PowerApps/apis/shared_office365"
                        },
                        "parameters": {
                          "emailMessage/To": "@triggerBody()?['Requester']?['Email']",
                          "emailMessage/Subject": "Your Request @{triggerBody()?['RequestID']} Has Been Received - Status: @{triggerBody()?['System']?['Value']}",
                          "emailMessage/Body": "<p class=\"editor-paragraph\">Dear @{triggerBody()?['Requester']?['DisplayName']},<br><br>Thank you for submitting your request and your request has been now marked as \"Open\". Below are the details:<br><br>Request ID: @{triggerBody()?['RequestID']}<br>Current Status: @{triggerBody()?['Status']?['Value']}<br>You can view your request by clicking on the link below:<br>[<a href=\"https://apps.powerapps.com/play/e/default-f0e4273f-10c1-4551-a494-977ebeb5b5fa/a/9acf9047-089e-4202-92f2-83c85aaa811f?tenantId=f0e4273f-10c1-4551-a494-977ebeb5b5fa&amp;hint=966e94a1-15be-4d41-af48-4f4d31bf2611&amp;ScreenName=ViewDetails&amp;requestID=@{triggerBody()?['ID']}\" class=\"editor-link\">Click here</a>]<br><br>Thank you<br></p><br><br>",
                          "emailMessage/Attachments": "@variables(' varAttachments')",
                          "emailMessage/Importance": "Normal"
                        },
                        "authentication": "@parameters('$authentication')"
                      }
                    },
                    "For_each_2": {
                      "foreach": "@outputs('Get_items_|_Requester_Comment_Details')?['body/value']",
                      "actions": {
                        "Update_item": {
                          "runAfter": {},
                          "metadata": {
                            "operationMetadataId": "73c835f0-509c-4ddb-9fe4-133635d9ae02"
                          },
                          "type": "OpenApiConnection",
                          "inputs": {
                            "host": {
                              "connectionName": "shared_sharepointonline",
                              "operationId": "PatchItem",
                              "apiId": "/providers/Microsoft.PowerApps/apis/shared_sharepointonline"
                            },
                            "parameters": {
                              "dataset": "@parameters('DemoSite - https://tsinfotechnologies.sharepoint.com/sites/DemoSite (tsinfo_shared_sharepointonline_1d44c8bba3214f66b0cc0dc7464f6ef5)')",
                              "table": "@parameters('Requester Comment Details (tsinfo_RequesterCommentDetails)')",
                              "id": "@items('For_each_2')?['ID']",
                              "item/RequestID": "@triggerBody()?['RequestID']"
                            },
                            "authentication": "@parameters('$authentication')"
                          }
                        }
                      },
                      "runAfter": {
                        "Send_an_email_(V2)_|_Requester": [
                          "Succeeded"
                        ]
                      },
                      "metadata": {
                        "operationMetadataId": "b8e0e10e-6e95-4695-9e9d-bbed8deafde1"
                      },
                      "type": "Foreach"
                    },
                    "Send_an_email_(V2)_|_Admin": {
                      "runAfter": {
                        "For_each_|__Attchment": [
                          "Succeeded"
                        ]
                      },
                      "metadata": {
                        "operationMetadataId": "6643097f-ac33-4935-af14-68bdd3caf0c7"
                      },
                      "type": "OpenApiConnection",
                      "inputs": {
                        "host": {
                          "connectionName": "shared_office365",
                          "operationId": "SendEmailV2",
                          "apiId": "/providers/Microsoft.PowerApps/apis/shared_office365"
                        },
                        "parameters": {
                          "emailMessage/To": "@variables('varAdminEmail')",
                          "emailMessage/Subject": "New Request Submitted: @{triggerBody()?['RequestID']}",
                          "emailMessage/Body": "<p class=\"editor-paragraph\">Hello Admin Team,<br><br>A new request has been submitted with the following details:<br><br><b><strong class=\"editor-text-bold\">Request</strong></b>: @{triggerBody()?['RequestID']}<br><b><strong class=\"editor-text-bold\">Date Submitted</strong></b>: @{triggerBody()?['DateSubmitted']}<br><b><strong class=\"editor-text-bold\">Title</strong></b>: @{triggerBody()?['Title']}<br><b><strong class=\"editor-text-bold\">Office</strong></b>: @{triggerBody()?['Office']?['Value']}<br><b><strong class=\"editor-text-bold\">System</strong></b>: @{triggerBody()?['System']?['Value']}<br><b><strong class=\"editor-text-bold\">Requester</strong></b>: @{triggerBody()?['Requester']?['DisplayName']}<br><b><strong class=\"editor-text-bold\">Backup POC</strong></b>: @{triggerBody()?['BackupPOC']?['DisplayName']}<br><b><strong class=\"editor-text-bold\">Category</strong></b>: @{triggerBody()?['Category']?['Value']}<br><b><strong class=\"editor-text-bold\">Description</strong></b>: @{triggerBody()?['Description']}<br>@{outputs('Compose_|_Does_this_impact_your_ability_to_perform_work')}</p><br><br><p class=\"editor-paragraph\">You can view your request by clicking on the link below:<br>[<a href=\"https://apps.powerapps.com/play/e/default-f0e4273f-10c1-4551-a494-977ebeb5b5fa/a/9acf9047-089e-4202-92f2-83c85aaa811f?tenantId=f0e4273f-10c1-4551-a494-977ebeb5b5fa&amp;hint=966e94a1-15be-4d41-af48-4f4d31bf2611&amp;ScreenName=AdminViewScreen&amp;requestIDAdmin=@{triggerBody()?['ID']}\" class=\"editor-link\">Click here</a>]</p><p class=\"editor-paragraph\"><br>Please review and take the necessary action on this request.<br><br>Thank you</p>",
                          "emailMessage/Attachments": "@variables(' varAttachments')",
                          "emailMessage/Importance": "Normal"
                        },
                        "authentication": "@parameters('$authentication')"
                      }
                    }
                  },
                  "runAfter": {
                    "Compose": [
                      "Succeeded"
                    ]
                  },
                  "expression": {
                    "and": [
                      {
                        "equals": [
                          "@triggerBody()?['{HasAttachments}']",
                          "@true"
                        ]
                      },
                      {
                        "not": {
                          "contains": [
                            "@variables('varFolderName')",
                            "@outputs('Compose')"
                          ]
                        }
                      }
                    ]
                  },
                  "metadata": {
                    "operationMetadataId": "12224c6d-1603-438d-be4e-80cfc5261f40"
                  },
                  "type": "If"
                },
                "Compose": {
                  "runAfter": {
                    "For_each": [
                      "Succeeded"
                    ]
                  },
                  "metadata": {
                    "operationMetadataId": "556da24a-75f4-4db1-9519-60b6cf1e58f8"
                  },
                  "type": "Compose",
                  "inputs": "@concat(triggerBody()?['RequestID'],'-',triggerBody()?['Title'])"
                },
                "List_folder": {
                  "runAfter": {},
                  "metadata": {
                    "%252fRequestAttachments": "/RequestAttachments",
                    "operationMetadataId": "b7c55bae-d613-453f-8c54-335537f9b943"
                  },
                  "type": "OpenApiConnection",
                  "inputs": {
                    "host": {
                      "connectionName": "shared_sharepointonline",
                      "operationId": "ListFolder",
                      "apiId": "/providers/Microsoft.PowerApps/apis/shared_sharepointonline"
                    },
                    "parameters": {
                      "dataset": "@parameters('DemoSite - https://tsinfotechnologies.sharepoint.com/sites/DemoSite (tsinfo_shared_sharepointonline_1d44c8bba3214f66b0cc0dc7464f6ef5)')",
                      "id": "%252fRequestAttachments"
                    },
                    "authentication": "@parameters('$authentication')"
                  }
                },
                "Parse_JSON": {
                  "runAfter": {
                    "List_folder": [
                      "Succeeded"
                    ]
                  },
                  "metadata": {
                    "operationMetadataId": "0569d388-d81f-43df-b3dd-974a37b6f012"
                  },
                  "type": "ParseJson",
                  "inputs": {
                    "content": "@body('List_folder')",
                    "schema": {
                      "type": "array",
                      "items": {
                        "type": "object",
                        "properties": {
                          "Id": {
                            "type": "string"
                          },
                          "Name": {
                            "type": "string"
                          },
                          "DisplayName": {
                            "type": "string"
                          },
                          "Path": {
                            "type": "string"
                          },
                          "LastModified": {
                            "type": "string"
                          },
                          "Size": {
                            "type": "integer"
                          },
                          "IsFolder": {
                            "type": "boolean"
                          }
                        },
                        "required": [
                          "Id",
                          "Name",
                          "DisplayName",
                          "Path",
                          "LastModified",
                          "Size",
                          "IsFolder"
                        ]
                      }
                    }
                  }
                },
                "For_each": {
                  "foreach": "@outputs('Parse_JSON')['body']",
                  "actions": {
                    "Append_to_array_variable": {
                      "runAfter": {},
                      "metadata": {
                        "operationMetadataId": "b02e3435-6e58-4189-8767-fb8eb918144c"
                      },
                      "type": "AppendToArrayVariable",
                      "inputs": {
                        "name": "varFolderName",
                        "value": "@items('For_each')['DisplayName']"
                      }
                    }
                  },
                  "runAfter": {
                    "Parse_JSON": [
                      "Succeeded"
                    ]
                  },
                  "metadata": {
                    "operationMetadataId": "e4930103-96d9-4c14-bee3-199a0926af7a"
                  },
                  "type": "Foreach"
                }
              }
            },
            "Case_|_In_Progress": {
              "case": "In Progress",
              "actions": {
                "Send_an_email_(V2)_|_In_Progress": {
                  "runAfter": {
                    "Get_items__|_Requester_Comment_Details": [
                      "Succeeded"
                    ]
                  },
                  "metadata": {
                    "operationMetadataId": "0fbb7001-908f-4a49-b2aa-a4ad344203bb"
                  },
                  "type": "OpenApiConnection",
                  "inputs": {
                    "host": {
                      "connectionName": "shared_office365",
                      "operationId": "SendEmailV2",
                      "apiId": "/providers/Microsoft.PowerApps/apis/shared_office365"
                    },
                    "parameters": {
                      "emailMessage/To": "@triggerBody()?['Requester']?['Email']",
                      "emailMessage/Subject": "Your Request @{triggerBody()?['RequestID']} is Now In Progress",
                      "emailMessage/Body": "<p class=\"editor-paragraph\">Dear @{triggerBody()?['Requester']?['DisplayName']},<br><br>Your request has been moved to \"In Progress\". Below are the details:<br><br>Request ID: @{triggerBody()?['RequestID']}<br>Status: @{triggerBody()?['Status']?['Value']}<br>You can view your request by clicking on the link below:<br>[<a class=\"editor-link\" href=\"https://apps.powerapps.com/play/e/default-f0e4273f-10c1-4551-a494-977ebeb5b5fa/a/9acf9047-089e-4202-92f2-83c85aaa811f?tenantId=f0e4273f-10c1-4551-a494-977ebeb5b5fa&amp;hint=966e94a1-15be-4d41-af48-4f4d31bf2611&amp;ScreenName=ViewDetails&amp;requestID=@{triggerBody()?['ID']}\">Click here</a>]<br><br>Thank you<br></p><br>",
                      "emailMessage/Importance": "Normal"
                    },
                    "authentication": "@parameters('$authentication')"
                  }
                },
                "For_each_1": {
                  "foreach": "@outputs('Get_items__|_Requester_Comment_Details')?['body/value']",
                  "actions": {
                    "Condition": {
                      "actions": {
                        "Send_an_email_(V2)": {
                          "runAfter": {},
                          "metadata": {
                            "operationMetadataId": "b0b02a50-1e26-40cf-9e1a-16276968a898"
                          },
                          "type": "OpenApiConnection",
                          "inputs": {
                            "host": {
                              "connectionName": "shared_office365",
                              "operationId": "SendEmailV2",
                              "apiId": "/providers/Microsoft.PowerApps/apis/shared_office365"
                            },
                            "parameters": {
                              "emailMessage/To": "@{triggerBody()?['AssignedtoPrimary']?['Email']};@{triggerBody()?['AssignedtoSupport']?['Email']}",
                              "emailMessage/Subject": "New Comment Submitted on @{triggerBody()?['RequestID']} by @{triggerBody()?['Requester']?['DisplayName']}",
                              "emailMessage/Body": "<p class=\"editor-paragraph\">Hello,<br><br>A new comment has been submitted by @{triggerBody()?['Requester']?['DisplayName']} on Request @{triggerBody()?['RequestID']}. Below are the details:<br><br><b><strong class=\"editor-text-bold\">Request ID</strong></b>: @{triggerBody()?['RequestID']}<br><b><strong class=\"editor-text-bold\">Requestor Name</strong></b>: @{triggerBody()?['Requester']?['DisplayName']}<br><b><strong class=\"editor-text-bold\">Comment</strong></b>: @{items('For_each_1')?['Comment']}<br><br><b><strong class=\"editor-text-bold\">Date and Time of Comment Submission</strong></b>: @{formatDateTime(items('For_each_1')?['CommentSubmissionDate'],'dd/MM/yyyy hh:mm tt')}<br><br>Please review the comment and take the necessary actions.<br>You can view the full requests at the following link: [<a class=\"editor-link\" href=\"https://apps.powerapps.com/play/e/default-f0e4273f-10c1-4551-a494-977ebeb5b5fa/a/9acf9047-089e-4202-92f2-83c85aaa811f?tenantId=f0e4273f-10c1-4551-a494-977ebeb5b5fa&amp;hint=966e94a1-15be-4d41-af48-4f4d31bf2611&amp;ScreenName=AllRequests\">Request Link</a>]</p>",
                              "emailMessage/Importance": "Normal"
                            },
                            "authentication": "@parameters('$authentication')"
                          }
                        }
                      },
                      "runAfter": {},
                      "expression": {
                        "and": [
                          {
                            "not": {
                              "equals": [
                                "@triggerBody()?['AssignedtoPrimary']?['Email']",
                                "@null"
                              ]
                            }
                          },
                          {
                            "not": {
                              "equals": [
                                "@items('For_each_1')?['Comment']",
                                "@null"
                              ]
                            }
                          }
                        ]
                      },
                      "metadata": {
                        "operationMetadataId": "459230e8-7a3c-46b0-a257-7d104b08f8bd"
                      },
                      "type": "If"
                    }
                  },
                  "runAfter": {
                    "Send_an_email_(V2)_|_In_Progress": [
                      "Succeeded"
                    ]
                  },
                  "metadata": {
                    "operationMetadataId": "1ac78cbc-a2c1-4b65-9a79-9215a8b04cdf"
                  },
                  "type": "Foreach"
                },
                "Get_items__|_Requester_Comment_Details": {
                  "runAfter": {},
                  "metadata": {
                    "operationMetadataId": "14f390cd-00ab-44d5-a60b-03da63cccdd3"
                  },
                  "type": "OpenApiConnection",
                  "inputs": {
                    "host": {
                      "connectionName": "shared_sharepointonline",
                      "operationId": "GetItems",
                      "apiId": "/providers/Microsoft.PowerApps/apis/shared_sharepointonline"
                    },
                    "parameters": {
                      "dataset": "@parameters('DemoSite - https://tsinfotechnologies.sharepoint.com/sites/DemoSite (tsinfo_shared_sharepointonline_1d44c8bba3214f66b0cc0dc7464f6ef5)')",
                      "table": "@parameters('Requester Comment Details (tsinfo_RequesterCommentDetails)')",
                      "$filter": "RequestID eq '@{triggerBody()?['RequestID']}'"
                    },
                    "authentication": "@parameters('$authentication')"
                  }
                }
              }
            },
            "Case_|_Requester_Review": {
              "case": "Requester Review",
              "actions": {
                "Send_an_email_(V2)_|_Requester_Review": {
                  "runAfter": {},
                  "metadata": {
                    "operationMetadataId": "4a3bf952-4d78-497c-a956-bf09b0f39368"
                  },
                  "type": "OpenApiConnection",
                  "inputs": {
                    "host": {
                      "connectionName": "shared_office365",
                      "operationId": "SendEmailV2",
                      "apiId": "/providers/Microsoft.PowerApps/apis/shared_office365"
                    },
                    "parameters": {
                      "emailMessage/To": "@triggerBody()?['Requester']?['Email']",
                      "emailMessage/Subject": "Your Request @{triggerBody()?['RequestID']} is Ready for Your Review",
                      "emailMessage/Body": "<p class=\"editor-paragraph\">Dear @{triggerBody()?['Requester']?['DisplayName']},<br><br>Your request is ready for your review. Below are the details:<br><br>Request ID: @{triggerBody()?['RequestID']}<br>Status: @{triggerBody()?['Status']?['Value']}<br>Please review the request and provide any feedback by clicking on the link below:<br>[<a class=\"editor-link\" href=\"https://apps.powerapps.com/play/e/default-f0e4273f-10c1-4551-a494-977ebeb5b5fa/a/9acf9047-089e-4202-92f2-83c85aaa811f?tenantId=f0e4273f-10c1-4551-a494-977ebeb5b5fa&amp;hint=966e94a1-15be-4d41-af48-4f4d31bf2611&amp;ScreenName=ViewDetails&amp;requestID=@{triggerBody()?['ID']}\">Click here</a>]<br><br>Thank you<br></p><br>",
                      "emailMessage/Importance": "Normal"
                    },
                    "authentication": "@parameters('$authentication')"
                  }
                }
              }
            },
            "Case_|_Closed": {
              "case": "Closed",
              "actions": {
                "Send_an_email_(V2)_|_Closed": {
                  "runAfter": {},
                  "metadata": {
                    "operationMetadataId": "d1367d55-38bd-4bc1-a742-fa6091660453"
                  },
                  "type": "OpenApiConnection",
                  "inputs": {
                    "host": {
                      "connectionName": "shared_office365",
                      "operationId": "SendEmailV2",
                      "apiId": "/providers/Microsoft.PowerApps/apis/shared_office365"
                    },
                    "parameters": {
                      "emailMessage/To": "@triggerBody()?['Requester']?['Email']",
                      "emailMessage/Subject": "Your Request @{triggerBody()?['RequestID']} is Now Closed",
                      "emailMessage/Body": "<p class=\"editor-paragraph\">Dear @{triggerBody()?['Requester']?['DisplayName']},<br><br>Your request has been closed. Below are the details:<br><br>Request ID: @{triggerBody()?['RequestID']}<br>Status: @{triggerBody()?['Status']?['Value']}<br>You can view your request by clicking on the link below:<br>[<a class=\"editor-link\" href=\"https://apps.powerapps.com/play/e/default-f0e4273f-10c1-4551-a494-977ebeb5b5fa/a/9acf9047-089e-4202-92f2-83c85aaa811f?tenantId=f0e4273f-10c1-4551-a494-977ebeb5b5fa&amp;hint=966e94a1-15be-4d41-af48-4f4d31bf2611&amp;ScreenName=ViewDetails&amp;requestID=@{triggerBody()?['ID']}\">Click here</a>]<br><br>Thank you<br></p><br>",
                      "emailMessage/Importance": "Normal"
                    },
                    "authentication": "@parameters('$authentication')"
                  }
                }
              }
            }
          },
          "default": {
            "actions": {}
          },
          "expression": "@triggerBody()?['Status']?['Value']",
          "metadata": {
            "operationMetadataId": "0335db61-c913-4116-aacb-89a35e38ccce"
          },
          "type": "Switch"
        },
        "Initialize_variable_|_var_Folder_Name": {
          "runAfter": {
            "Initialize_variable_|_var_Admin_Email": [
              "Succeeded"
            ]
          },
          "metadata": {
            "operationMetadataId": "8857c7ee-0dd2-49bc-a790-fd21805d6f14"
          },
          "type": "InitializeVariable",
          "inputs": {
            "variables": [
              {
                "name": "varFolderName",
                "type": "array"
              }
            ]
          }
        }
      },
      "outputs": {}
    },
    "templateName": ""
  },
  "schemaVersion": "1.0.0.0"
}